system,cohort,examples,target_tokens,ce,semantic,generated,completed,capped
speech_2.5Hz_4775,ordinary,96,20883,1.634124566716024,0.5717396885156631,48,40,8
speech_2.5Hz_4775,qwen_emotional,80,1892,0.8515953431831353,0.6013697125017643,24,24,0
speech_2.5Hz_4775,neu_emotional,80,2232,0.7421916741811033,0.678160885348916,64,64,0
speech_10Hz_4775,ordinary,96,20883,1.6219824863360404,0.5780139962832133,48,33,15
speech_10Hz_4775,qwen_emotional,80,1892,0.8279771796933693,0.6255078415075938,24,24,0
speech_10Hz_4775,neu_emotional,80,2232,0.7352249675887673,0.677354290150106,64,64,0
followup_mean_10hz_ce_control_6775,ordinary,96,20883,1.6105808631182916,0.6326307070751985,48,34,14
followup_mean_10hz_ce_control_6775,qwen_emotional,80,1892,0.7640656376096083,0.6308536653717359,24,24,0
followup_mean_10hz_ce_control_6775,neu_emotional,80,2232,0.6464216578417995,0.7058305903337896,64,64,0
true_TEXT,ordinary,96,20883,1.556492341447823,0.6733325601865848,48,29,19
true_TEXT,qwen_emotional,80,1892,0.7367636336931215,0.7063751568396887,24,24,0
true_TEXT,neu_emotional,80,2232,0.7389584062320571,0.7205655281431973,64,64,0
plain_ASR,ordinary,96,20883,1.5678832756915277,0.6749196605135998,48,30,18
plain_ASR,qwen_emotional,80,1892,0.7769567311188131,0.7006126667062441,24,24,0
plain_ASR,neu_emotional,80,2232,0.7702627844814759,0.7150281346403062,64,64,0
